subject_key,item_key,chapter_key,question_number,option_number,japanese_feedback,indonesian_feedback
介護試験対策,介護保険,chapter_1,1,1,医療費の軽減は医療保険の目的です。介護保険は介護に要する費用の支援が目的です。,Mengurangi biaya medis adalah tujuan asuransi kesehatan. Tujuan asuransi perawatan jangka panjang adalah untuk mendukung biaya yang diperlukan untuk perawatan.
介護試験対策,介護保険,chapter_1,1,2,正解です。介護保険法第1条に定められている目的です。単に介護するだけでなく、利用者の尊厳と自立支援が重視されます。,Benar. Ini adalah tujuan yang ditetapkan dalam Pasal 1 Undang-Undang Asuransi Perawatan Jangka Panjang. Tidak hanya sekadar merawat tetapi juga menekankan dukungan terhadap martabat dan kemandirian pengguna.
介護試験対策,介護保険,chapter_1,1,3,介護基盤の整備は重要ですが、制度の直接的な目的ではありません。目的を達成するための手段の一つです。,Pengembangan infrastruktur perawatan memang penting tetapi itu bukan tujuan langsung dari sistem ini. Itu adalah salah satu cara untuk mencapai tujuan.
介護試験対策,介護保険,chapter_1,1,4,家族の負担軽減も制度の重要な役割ですが、「完全になくすこと」が目的ではありません。社会全体で支えることが基本です。,Mengurangi beban keluarga juga merupakan peran penting dari sistem ini tetapi tujuannya bukan untuk 'menghilangkannya sepenuhnya'. Prinsip dasarnya adalah dukungan dari seluruh masyarakat.
介護試験対策,介護保険,chapter_1,1,5,サービスが提供されるのは、保険料を納めている人のうち、介護が必要だと認定された人です。全員ではありません。,Layanan diberikan kepada mereka yang membayar premi dan telah disertifikasi membutuhkan perawatan. Tidak untuk semua orang.
介護試験対策,介護保険,chapter_1,2,1,国の役割は制度の基準設定や財政支援ですが、直接の運営主体ではありません。,Peran negara adalah menetapkan standar sistem dan dukungan finansial tetapi bukan penyelenggara langsung.
介護試験対策,介護保険,chapter_1,2,2,都道府県は、市町村への支援やサービス提供事業者の指定などを行いますが、保険者ではありません。,Prefektur memberikan dukungan kepada pemerintah kota dan menunjuk penyedia layanan tetapi bukan penanggung.
介護試験対策,介護保険,chapter_1,2,3,正解です。介護保険は、住民に最も身近な行政単位である市町村と特別区が保険者として運営しています。,Benar. Asuransi perawatan jangka panjang diselenggarakan oleh pemerintah kota dan distrik khusus yang merupakan unit administrasi terdekat dengan penduduk.
介護試験対策,介護保険,chapter_1,2,4,医療保険組合は医療保険の運営主体であり、介護保険の運営主体とは異なります。,Asosiasi asuransi kesehatan adalah penyelenggara asuransi kesehatan dan berbeda dari penyelenggara asuransi perawatan jangka panjang.
介護試験対策,介護保険,chapter_1,2,5,これは後期高齢者医療制度の運営主体であり、介護保険の保険者ではありません。,Ini adalah badan penyelenggara sistem asuransi kesehatan untuk lansia lanjutan bukan penanggung asuransi perawatan jangka panjang.